country,founded,id,industry,linkedin_url,locality,name,region,size,website
united states,1975,4WvcMlpzKSyeNB24etUwbwNsny81,construction,linkedin.com/company/m-brady-&-associates-inc,moorpark,"m. brady & associates, inc",california,11-50,mbrady.com
united states,,jffQiBPwmbl7I70HRagRcQAtQt7M,construction,linkedin.com/company/mena-construction-co,pico rivera,mena construction co,california,11-50,
united states,2010,uIv0ANYxOEA8MHPbtjbGMgsBHbid,construction,linkedin.com/company/rnl-homebuilders,bryan,rnl homes,texas,1-10,rnlhomes.com
united states,,JgMZ2eTJsYYcFVEuORrInwB7933f,construction,linkedin.com/company/pce-constructors-inc.,prairieville,pce constructors inc.,louisiana,51-200,
united states,,IPm6LvaCIGHTviFrkunLbAOu6IBL,construction,linkedin.com/company/csb-interiors,oxnard,csb interiors,california,1-10,
united states,,CNUqk0e6DFy2EO0rABR7ngOL2xaC,construction,linkedin.com/company/tercon-systems,howell,tercon systems,michigan,1-10,terconsystems.com
united states,,swO05PpANphQzrwO7esqagEziV8I,construction,linkedin.com/company/american-german-rollshutters,scottsdale,american german rollshutters,arizona,11-50,shade4u.com
united states,2021,K0qVVT8Aq8RBJbBFvnEZ9QyE05UG,construction,linkedin.com/company/ac-products-usa,fort myers,ac products usa,florida,1-10,acproductsusa.com
united states,2009,lxB0tbAcnNdr8rZ7wS8R9ghTumXz,construction,linkedin.com/company/construction-resource-group-inc,union,"construction resource group, inc.",south carolina,51-200,crgsc.net
united states,2023,54tqnpIMIluZ1tgTa8AqawpAJJ4Q,construction,linkedin.com/company/yggcompany,irvine,ygg company,california,1-10,yggaxis.com
united states,2006,CjJmDrrXoKgABOx4SNzLzQO0aVbi,construction,linkedin.com/company/xterior-solutions,jefferson,xterior solutions,louisiana,1-10,gosidingpro.com
united states,,Ree0hC9pwUisNIPZlDarBg1ZauEl,construction,linkedin.com/company/alpine-gentle-roof-cleaning,renton,alpine gentle roof cleaning,washington,1-10,alpineroofcleaning.com
united states,1991,guP4yFYjK8EVExNPicPtSAasIN4n,construction,linkedin.com/company/simgel-co.-inc.,los angeles,"simgel co., inc.",california,1-10,
united states,,4aH1WPXCqJ0C6NbRoZBlvg91Z5Ub,construction,linkedin.com/company/river-pools-of-greater-boston,danvers,river pools of greater boston,massachusetts,1-10,
united states,,QuzXsazFvsPoPsZf9bRgmA2IQ5XM,construction,linkedin.com/company/sylvester-roofing,escondido,sylvester roofing,california,1-10,
united states,,tCqIEoLlLj61Gip8Q9BfTAPGTiEM,construction,linkedin.com/company/him-construction,sellersville,him construction,pennsylvania,1-10,
united states,,ofLbCQSimoTlh3AsJy9dHAVRdzoX,construction,linkedin.com/company/alexander-insulation,cedar grove,alexander insulation,north carolina,1-10,alexanderinsulation.com
united states,2009,EkSXNRY3RMDrhPjsDr0BMQsjI7OU,construction,linkedin.com/company/am-mex-electric-company,anton,am-mex electric company,texas,11-50,
united states,2022,BoVhM9QLGBPjfHToZ9BewAdqKLvm,construction,linkedin.com/company/theproroofing,cumming,proroofing,georgia,11-50,proroofing.com
united states,2008,n7hgn8l5hD8O7TuC4MhVdQgxoVQF,construction,linkedin.com/company/hpm-craftsmen,holmes,hpm craftsmen,new york,1-10,hpmcraftsmen.com
united states,,Ss5h8vjXvNZI5oFZM0nvCQMIj1Ct,construction,linkedin.com/company/bryan-benedetti,encino,bryan benedetti,california,1-10,
united states,2012,fcGPzK7fJTsFMaVn2GNNIQKUDMwH,construction,linkedin.com/company/dom-n-ate-contracting-ltd-,long island city,dna contracting ltd.,new york,1-10,dom-n-ate.com
united states,2012,Ienf4kAwoDijddQ7MBPwWgQV7hQu,construction,linkedin.com/company/skyline-contracting-llc,gainesville,"skyline contracting, llc",georgia,1-10,skylineroofingcompany.com
united states,,YBta8gDHS43PuPVGl3majQDmt5pe,construction,linkedin.com/company/hancock-custom-resurfacing,tequesta,hancock custom resurfacing,florida,1-10,hancockcustom.com
united states,2010,ZkqN1vFDnCmREzFvQSnnuwnHP5AE,construction,linkedin.com/company/nancy-g-consulting,irvine,nancy g consulting,california,1-10,nancygconsulting.com
united states,,BsoxVt0lZ071uXWGBkcEbgegfr1V,construction,linkedin.com/company/creation-iron-llc.,washington,"creation iron, llc.",district of columbia,1-10,creationironllc.com
united states,,xCfEvs51aAnNtFI80PWVWADkddBG,construction,linkedin.com/company/desert-sky-surfaces-llc,mesa,"desert sky surfaces, llc",arizona,11-50,quartzandgranitephoenix.com
united states,,Nxd5wRNnUqHH8yxbWR9XvASejX01,construction,linkedin.com/company/haltom-construction-co,marshall,haltom construction co,texas,1-10,haltom-construction-co.marshall.tx.amfibi.company/us/c/1128697-haltom-construction-co
united states,,aqhjW9lonT41OowupQq3YAT0dh3k,construction,linkedin.com/company/larry-the-fence-guy,dunnellon,larry the fence guy,florida,1-10,
united states,,kMOHCppMkT2UbcpBvCS3GQNgRm5D,construction,linkedin.com/company/red-oak-disposal-services,lombard,red oak disposal services,illinois,1-10,redoaktogo.com
united states,,JJBBavVIg6amKt6Bw2HV4gl456QQ,construction,linkedin.com/company/schoenbach-construction-corp.,middlesex,schoenbach construction corp.,new jersey,1-10,mrschoenbach.com
united states,2015,E0Oq3YclUDtvYy8Lhx1zNQCTpPTS,construction,linkedin.com/company/a-fab-mechanical-llc,goddard,a-fab mechanical llc,kansas,1-10,
united states,,zwKhHRVRS3uH6bthiJYeyg7Z8Rm4,construction,linkedin.com/company/building-company-number-7,nashville,building company number 7,tennessee,11-50,buildco7.com
united states,,W73YJwSu9eeufLj6fQ4PtQzhoJk6,construction,linkedin.com/company/r3j-residential-services,canby,r3j residential services,oregon,1-10,
united states,,BNIy4TUC7pbl8dgHME6juwz5MkiY,construction,linkedin.com/company/eurostyle-woodworking-llc,silt,eurostyle woodworking llc,colorado,1-10,eurostylewoodworking.com
united states,,RyY6X8oHYjm7UOAayH9KYQBD9mwq,construction,linkedin.com/company/mannly-painting,salt lake city,mannly painting,utah,1-10,
united states,,xbCEgS0MF2p3bDblktVLrg9SbMjM,construction,linkedin.com/company/contractor-tool-supply,leesburg,contractor tool supply,florida,1-10,contractortool.com
united states,2005,Sr79RJTLAlcp5uQi9d0cVAVLp5im,construction,linkedin.com/company/capital-city-electric,new albany,capital city electric,ohio,51-200,capcityelectric.com
united states,,zbmjrx6Q9ckM6K5hdj7HFwsnH4LS,construction,linkedin.com/company/custom-paving-inc,houston,custom paving inc,texas,1-10,custompaving.com
united states,,3C8MVeWPf9fO8L8DhdUQ4wGJX6XB,construction,linkedin.com/company/quality-mechanical-inc.,,"quality mechanical, inc.",,11-50,qualitymechanicalincorporated.com
united states,2002,NBOT0VWeACniqLRiGw1lBAjJaeNH,construction,linkedin.com/company/granite-corp,oakland,granite corp,maine,51-200,granite-corp.com
united states,2022,R1aW4vnSMBtUvxwU4MHPJwjqbcmR,construction,linkedin.com/company/ty-rebar,fort worth,ty rebar,texas,11-50,ty-rebar.com
united states,2021,yaVdvC2jLUUCJ3BVJyAZqgQvakSj,construction,linkedin.com/company/leveltyllc,chicago,levelty,illinois,1-10,levelty.com
united states,2011,dmhkHJaDIydF0sd2BkTkUwHtDt9f,construction,linkedin.com/company/rrsa-commercial-division-llc,waxahachie,"rrsa (commercial division), llc",texas,1-10,
united states,,Ky0YyXaYZrC7cPJTzIP0ygTBzudL,construction,linkedin.com/company/equinox-building,seattle,equinox building,washington,1-10,equinoxbuilding.com
united states,,QcULYlv5CcyN2frhgbTYXgp3aKxI,construction,linkedin.com/company/ramirez-construction,mercedes,ramirez construction,texas,1-10,ramirezconstruction.net
united states,,UL0rmS9Bb6jLHZgPyuBAfwGiaM4f,construction,linkedin.com/company/larry-dees-cpa,luray,larry dees cpa,virginia,1-10,
united states,2014,E7S8ZjmDxLEncL5ZvKj9oAagf19H,construction,linkedin.com/company/timus-tools,state college,timus tools,pennsylvania,1-10,timustools.com
united states,2017,szUNaryWGON0k4aB1idVdAGHOazF,construction,linkedin.com/company/acceptance-windows-and-doors,denton,acceptance windows and doors,texas,1-10,acceptancewindows.com
united states,,LZHP0K5yaAbuirMq9GJF1gXYMR1j,construction,linkedin.com/company/shawn-jetton-custom-homes,st. martinville,shawn jetton custom homes,louisiana,11-50,
united states,,cPgV0UTIzTRO9mDRWAyO0gMR27TH,construction,linkedin.com/company/precision-aggregate,upper sandusky,precision aggregate,ohio,1-10,
united states,2015,rvfNupzWPfRTsgyfmuFA8Al0ceOA,construction,linkedin.com/company/neches-safety-&-consulting-group-llc,nederland,"neches safety & consulting group, llc",texas,1-10,nechessafety.com
united states,,DJbe2x26uCmnExGD5D7H1wdKH5nl,construction,linkedin.com/company/howlett-construction,bellingham,howlett construction,washington,1-10,
united states,,tAqZFPQvZedGm34Uf38oSww8TPtu,construction,linkedin.com/company/general-asphalt-inc,beaver dam,general asphalt inc,wisconsin,1-10,generalasphaltinc.com
united states,1985,HszmctiSfPr8AAo7k1nUVQyuu585,construction,linkedin.com/company/richeson-electric-co.-inc.,rowlett,"richeson electric co., inc.",texas,11-50,
united states,,ta1IgVPSsIt9NtIfBQUW8QO7W4ub,construction,linkedin.com/company/kane-builders-s-&-d-inc.,glenside,kane builders s & d inc.,pennsylvania,11-50,
united states,1969,rB7g32yESib8UuBLDAHe5wpImty1,construction,linkedin.com/company/sunriseenterprisesinc,roseburg,sunrise enterprises inc.,oregon,51-200,sunriseenterprisesinc.com
united states,,J0Uu65NjY4TEwf2soJesAQP6ikfv,construction,linkedin.com/company/mcfarlane-construction,trabuco canyon,mcfarlane construction,california,11-50,
united states,,41jucGZYkNoXpJ0ODn9h6Qhwl9lO,construction,linkedin.com/company/rosso-roofing-incorporated,uniontown,rosso roofing incorporated,pennsylvania,1-10,
united states,,uqSgOTlqBcsAuHFFBX77Xgtrz0Tw,construction,linkedin.com/company/speedy-interior,gardena,speedy interior,california,1-10,speedyinterior.com
united states,,KaNIcZeZkQ86BJBCnoeCzAKHDpzp,construction,linkedin.com/company/provet-builders-inc,carlsbad,provet builders inc,california,11-50,provetbuildersinc.com
united states,,8ucUktpj476haBB7AiF8FAOUgp2t,construction,linkedin.com/company/gulfside-construction-svc,tampa,gulfside construction svc,florida,1-10,
united states,,S6wNYCxBs7FYoBPXjT0ZPQCLKXjh,construction,linkedin.com/company/regions-contractors-inc,wewahitchka,"regions contractors, inc.",florida,1-10,regionscontractors.com
united states,1970,Op2tflpSXYiZzdEpULKB2w1mVXSl,construction,linkedin.com/company/linskey-construction-inc-,salem,"linskey construction, inc.",massachusetts,11-50,linskeyconstruction.com
united states,1983,LCrzTFahbOtPcm21tQDwvw5NJ2Hy,construction,linkedin.com/company/j-tropeano-inc-,newton,"j. tropeano, inc.",new hampshire,11-50,jtropeano.com
united states,2020,aWFZBRlJ6O3dEtaSsnzKiwTzHH5v,construction,linkedin.com/company/homerenopartner-llc,philadelphia,homerenopartner llc,pennsylvania,1-10,homerenopartner.com
united states,,v6w5JuYTFWDAfF7TYCW0cgaOarae,construction,linkedin.com/company/juanes-electric,irving,juanes electric,texas,11-50,
united states,,ricvXHG9qAweYFu2xxiJfweeec9V,construction,linkedin.com/company/air-duct-cleaning-san-francisco,san francisco,air duct cleaning san francisco,california,11-50,airductcleaningsanfrancisco.info
united states,2021,6IudTbqC9w35tBC3ZRP03AQcJ4MW,construction,linkedin.com/company/cave-holdings-usa,mclean,"cave holdings usa, inc.",virginia,1-10,cave-holdings.com
united states,,PuYXGhiL0B6ahhFsPZAR7wn8lje3,construction,linkedin.com/company/mapp-electric,cincinnati,mapp electric,ohio,11-50,
united states,,BcucI9GI0Z2f2qGH1z0P2wmiMW4Z,construction,linkedin.com/company/north-american-deck-and-patio,prince frederick,north american deck and patio,maryland,1-10,nadeck.com
united states,,f8oCq4FdNA98kX1PeuQatgcKymOG,construction,linkedin.com/company/quality-hardwood-floor,fruitport,quality hardwood floor,michigan,1-10,qualityhardwoodfloors.net
united states,,UJi5zHSlB4Yz1euDsv5MhQONdKD4,construction,linkedin.com/company/anderson-alexander-d,plano,"anderson, alexander d",texas,1-10,
united states,,OnAr41xm0HJWqafYagwuyw2f8lql,construction,linkedin.com/company/artisan-contracting-corp,olean,artisan contracting corp,new york,1-10,
united states,,ts7tRnmcw3wk1YJqhs5OxQyzcs4j,construction,linkedin.com/company/garrisonfathom,new york,garrison fathom,new york,11-50,garrisonfathom.com
united states,2023,jWFWwCiU7AftXoOCjzhlZAhP3eKt,construction,linkedin.com/company/patton-pest-control-llc,mahomet,patton pest control llc,illinois,1-10,pattonpestcontrol.com
united states,2003,d3ZCC32BBzQZ9ptGLNUI0gQhRDDY,construction,linkedin.com/company/dcmsllc,nicholasville,"design & construction management services, llc",kentucky,11-50,dcmsllc.com
united states,2000,wW1BvqVarYwoW3rCW132SgAmv8hn,construction,linkedin.com/company/thorpe-excavating-inc,grimes,thorpe excavating inc,iowa,1-10,
united states,2015,ZLChVF7lYqggVnZgSBwk7wLBQbhN,construction,linkedin.com/company/genesis-pools,laguna beach,genesis pools,california,1-10,
united states,,J1jm4F95f42k5fygYpQhEA3MvpIi,construction,linkedin.com/company/carlton-roofing-llc,easley,carlton roofing llc,south carolina,1-10,carltonroofingllc.com
united states,1958,WSOJdBZQGeHiaJYG783wJAyh2UI7,construction,linkedin.com/company/haley-bros-inc-,riverside,"haley bros., inc.",california,1-10,haleybrosfence.com
united states,2000,j12awbC95Gk6wKW4KAWnkw7wSRPV,construction,linkedin.com/company/phoenix-builders,,phoenix builders,,1-10,phoenixbuildersofmn.com
united states,,WGafUdy4QYyQMSCBPQcB1gcuULko,construction,linkedin.com/company/asphalt-&-concrete-concepts-llc,glendale,asphalt & concrete concepts llc,arizona,1-10,asphaltandconcreteconcepts.com
united states,,MgoPECJNsyrTXpDNQ6Ws9wsgInDh,construction,linkedin.com/company/petersen-homes-inc,cape coral,petersen homes inc,florida,1-10,
united states,2023,2LNjjfxp93uyAF8YA0exNQJbpSrh,construction,linkedin.com/company/ddtg-construction-inc,sherwood,"ddtg construction, inc.",oregon,1-10,ddtgconstruction.com
united states,,dsDOaM9CxvgmgBmJGDvPXwSw3uMk,construction,linkedin.com/company/shufelberger-construction-inc,palo cedro,shufelberger construction inc,california,1-10,
united states,,CWJBZW6tyg8Rh1vNqiW1Tw0UgsaL,construction,linkedin.com/company/preferred-wholesale,albia,preferred wholesale,iowa,1-10,
united states,1946,ENx723gGEr1N3Qo3u9yIMgfkLFLt,construction,linkedin.com/company/marks-metal-technology,happy valley,marks metal technology,oregon,11-50,marksmetal.com
united states,2006,5M2mpu1BoyR788inAC8YyQSUlc0G,construction,linkedin.com/company/genuine-construction-inc-,mount vernon,genuine construction inc.,new york,11-50,genuineconst.com
united states,,gUE7eRB5gCAEqYIfnCB8TAYtpDLD,construction,linkedin.com/company/castleberry-inn,atlanta,castleberry inn,georgia,1-10,castleberryinn.com
united states,2014,aRAKt7NdPraFMpjGAT5HlAtcaWW9,construction,linkedin.com/company/universal-construction-management,morristown,"universal construction management, inc.",new jersey,1-10,universalcm.com
united states,,ym4gGkQCpriCrL2jwLaWQgitEUaw,construction,linkedin.com/company/bob-mowery-tile,lancaster,bob mowery tile,pennsylvania,1-10,
united states,1980,EDxTNQgdbBUBC8OaR0alIgEbBr6X,construction,linkedin.com/company/energyerectors,leesburg,energy erectors inc.,florida,51-200,energyerectors.net
united states,,mTeWzGYEBRLgXgu8Z4mdLglZr7cg,construction,linkedin.com/company/mountain-fuels,east stroudsburg,mountain fuels,pennsylvania,1-10,mountainfuel.co.uk
united states,,jLbeVnL7TPMLsRsYjRszHwbX5lGc,construction,linkedin.com/company/w-w-gay-controls,,w. w. gay controls,,1-10,wwgaycontrols.com
united states,,bSj7QHZPMUdTrxcWcm6UiwS0LBqb,construction,linkedin.com/company/jones-automatic-sprinkler-inc.,americus,"jones automatic sprinkler, inc.",georgia,51-200,jonessprinkler.com
united states,2013,tCsmUqBJlB13TbXXVKByXAc0wayy,construction,linkedin.com/company/jcpa-group-llc,tabernacle,jcpa group llc,new jersey,51-200,jcpagroup.net
united states,2002,ZovCqYUIAil4Pcgkn2wOGwKKggEA,construction,linkedin.com/company/j4-fencing-&-services,el campo,j4 fencing & services,texas,11-50,j4fs.com
united states,2016,CP6870isUAdfhuDPeiruVQhiF4ib,construction,linkedin.com/company/homeshield-llc,carthage,"homeshield, llc",tennessee,1-10,homeshieldtn.com
united states,1993,tlLj0U3TFzpoE0xGuNmvBQbikfFP,construction,linkedin.com/company/jp-excavating-inc,st. george,"jp excavating, inc",utah,51-200,
united states,2015,c5O5EjCaAdacyR2927IIwgS7wtKD,construction,linkedin.com/company/obahelps,santa rosa,owner builder advisors,california,1-10,obahelps.com
united states,,SUIUb0K8jdNt2L2n7jwzSA0PYTqH,construction,linkedin.com/company/precision-epoxy-systems-llc,west bend,precision epoxy systems llc,wisconsin,1-10,precisionepoxywi.com
united states,1996,1uYqc8iEP5ruGTaY4OdGaQAeGyJb,construction,linkedin.com/company/a-better-garage-door,broomfield,a better garage door,colorado,1-10,abettergaragedoor.com
united states,,zBDoCbQ3cjRGvBWeV6E06wMHfSx4,construction,linkedin.com/company/upstate-contracting,greenville,upstate contracting,south carolina,1-10,upstatecontracting.com
united states,,RaotWouBdAN9wCRKbzDBoghPs0c0,construction,linkedin.com/company/ostrander-windows-siding-&-roofing-inc,belding,ostrander windows siding & roofing inc,michigan,1-10,ostranderinc.com
united states,2000,TFWqB8za7WHMModnDJjTDwcuXqUs,construction,linkedin.com/company/dominion-design-&-integration,san antonio,dominion design & integration,texas,11-50,dominiontx.com
united states,,XtpooJD1vqATBQgbcjmzDQODZ3lp,construction,linkedin.com/company/beeson-electric,new whiteland,beeson electric,indiana,1-10,
united states,,BOzWzsGpKVCzZxBioV8aRwAHfrrr,construction,linkedin.com/company/palm-beach-stamped-concrete,west palm beach,palm beach stamped concrete,florida,1-10,westpalmconcrete.com
united states,2001,eo5kTvmDU8QiNs5kVP23vgCLwOgk,construction,linkedin.com/company/arc-steel-frame-homes,naples,arc steel frame homes,florida,1-10,arcsteelframehomes.com
united states,,7F4pQr9iPGcK8Jih2txuCAgPplJf,construction,linkedin.com/company/temco-builders,newcomerstown,temco builders,ohio,11-50,
united states,,11ftwFUaLWABA8BghbgRhwc8rLJ0,construction,linkedin.com/company/cell-pak-services,decatur,cell pak services,alabama,1-10,cellpak.com
united states,,AJIZaVFdDAaCONI4dpluwwCFrKbV,construction,linkedin.com/company/metro-kitchen-&-bath,vienna,metro kitchen & bath,virginia,1-10,
united states,,smP7h18BBCU09ZXlLwy7ewJx6QUt,construction,linkedin.com/company/j-t-electric,omaha,j t electric,arkansas,11-50,jtelectric.com
united states,2001,AwEuQs9hokopR3iAij68kQkN3AN3,construction,linkedin.com/company/hillcrest-builders,glenbeulah,hillcrest builders,wisconsin,11-50,hillcrestbuilders.com
united states,,YRBwKX2d7jROHMwVJ9lwugQp9Q1Y,construction,linkedin.com/company/simon-roofing-&-sheet-metal-voluntary-employee-beneficiary-assn,youngstown,simon roofing & sheet metal voluntary employee beneficiary assn,ohio,201-500,
united states,,uCaUZtaXSB2hDK3g83PH8wP3SScy,construction,linkedin.com/company/tri-town-carting-corp,bay shore,tri town carting corp,new york,1-10,
united states,,GQOEN0Xfypc453cpCFK7VwgVtHmO,construction,linkedin.com/company/gregg-bartholomew,munroe falls,gregg bartholomew,ohio,1-10,
united states,,TNHVz03rUI1CXqCyzHeZzAfc5vNH,construction,linkedin.com/company/grizscapesllc,cincinnati,"grizscapes, llc",ohio,1-10,
united states,,vW2fmXiIgLfSP68JaIx95gV3c6ft,construction,linkedin.com/company/bare-ground-weed-control,lawrence,bare ground weed control,kansas,1-10,
united states,2016,FzxwEUVdK4989BBrlCNIRQb097S9,construction,linkedin.com/company/cultivate-construction,st paul,cultivate construction,texas,1-10,facebook.com/cultivatedspaces
united states,,qOybIgn9RGHkmhCPy7UOLQn61tOs,construction,linkedin.com/company/gateway-roofing-inc,commerce city,gateway roofing llc,colorado,11-50,gatewayroofing-stl.com
united states,,iBBdK6ruJepveCOIBvd68Q9CAi7j,construction,linkedin.com/company/okie-stainers,oklahoma city,okie stainers,oklahoma,11-50,okiefencestainers.com
united states,,O0HtTgTjH7xmj30edRECjwlYlKL8,construction,linkedin.com/company/a.s.a.p.-door-co.-inc.,hinckley,"a.s.a.p. door co., inc.",ohio,1-10,asapdoorco.com
united states,,MVpvUezfo7wnyVjlXBCiBgQ3C0wb,construction,linkedin.com/company/the-dualtemp-companies,,the dualtemp companies,,51-200,
united states,2009,uCgyt6VBgrRkSEyYjZmw6AF7adIc,construction,linkedin.com/company/geedra,,geedra,,1-10,
united states,,utLZ6Ztswz6jK9RkX9lVbQ8Woxxv,construction,linkedin.com/company/de-mar-flooring,albany,de/mar flooring,new york,1-10,demarflooring.com
united states,2011,nOqlVb3Oxq0kXQfqYApnTwB6nHti,construction,linkedin.com/company/bbe-electrical-llc,del valle,bbe electrical llc,texas,11-50,
united states,,22sMu2Sr5zJCTDr0Erc7DwIrXZ7O,construction,linkedin.com/company/polo-painter-and-maintenance-corp,elmhurst,polo painter and maintenance corp,new york,1-10,
united states,,ECUwGiwp4h1NCqFin0EDNQi9ua1w,construction,linkedin.com/company/jj-concrete-walls-llc,duluth,jj concrete walls llc,georgia,1-10,jjconcretewalls.com
united states,2005,2AwzUiYK8DZRP8QsUOMkCQC2s0V8,construction,linkedin.com/company/evincent-management-inc,holtsville,evincent management inc,new york,11-50,evincentmgt.com
united states,,1NwVCxGOhTlzQ1l7NNo2owxKziBb,construction,linkedin.com/company/imperial-welding-co,bellmawr,imperial welding co,new jersey,11-50,
united states,2004,cCBLoANjQXQc9ylz4fK2EQQBmAx9,construction,linkedin.com/company/gerard-pelletier-backhoe-&-excavation-inc.,mount shasta,"gerard pelletier backhoe & excavation, inc.",california,1-10,
united states,,cdpSKsz2tChk76Rp7IIumwxxllY5,construction,linkedin.com/company/damken-david-e,mission,"damken, david e",texas,11-50,
united states,,Dq2qST1k7pZBIaj79OpAIQ9X7dpC,construction,linkedin.com/company/perfect3-flooring-services-llc,suwanee,"perfect3 flooring services, llc",georgia,1-10,perfect3flooring.com
united states,1958,STqmovoL2kY5T4w96kGEvQRBwQER,construction,linkedin.com/company/wolverine-fire-protection-co-,mount morris,wolverine fire protection co.,michigan,51-200,wolverinefp.com
united states,,uc2r0h78V83fgGC5XkSiJgpwS9DV,construction,linkedin.com/company/hawk-building,woodinville,hawk building,washington,1-10,
united states,,N70i1NuaY5iW9HRevkXaBAG1mnlW,construction,linkedin.com/company/graese-electric-llc,crivitz,graese electric llc,wisconsin,1-10,graese-electric.com
united states,2015,xge6YBgGRMtuIOC8wAnVnQSxofnT,construction,linkedin.com/company/gibson-construction-consultants,grand rapids,construction simplified,michigan,11-50,constructionsimplified.com
united states,,e0fLcfAztg5ELzXX7Re88gv28ZMO,construction,linkedin.com/company/mcnabb-roofing-company-inc.,haymarket,"mcnabb roofing company, inc.",virginia,1-10,
united states,,aTT2NL1LsGBegBMVBtDN1wHgWO9U,construction,linkedin.com/company/evergreen-alaska-inc,kenai,evergreen alaska inc,alaska,1-10,
united states,,Qdjj3UxiwnEVBBQ5htK1YgMoXzxP,construction,linkedin.com/company/bush-decor-&-construction,,bush decor & construction,,51-200,bushdecor.com
united states,,sylFMiorDjx90f8gbm8UKgvfg3na,construction,linkedin.com/company/dill-builders-scott,martin,dill builders scott,michigan,1-10,
united states,,Jb8Gj5J52BLlf96xD5QiDQuMTUxJ,construction,linkedin.com/company/tacker-construction,wortham,tacker construction,texas,11-50,tackerconstruction.com
united states,,AFSd1BbJgNgFl5fnksjhjwpcch8r,construction,linkedin.com/company/handy-boy,whitehall,handy boy,pennsylvania,1-10,
united states,,BZcAyd0tkJDRU6qBBsjf9gKTW9ZU,construction,linkedin.com/company/besner-painting,fort lauderdale,besner painting,florida,1-10,dominicbesner.com
united states,2007,p7T3qRQzvNZy8ZSzHPlKQgs44tNv,construction,linkedin.com/company/els-abatement-&-construction-inc.,jacksonville,"els abatement & construction, inc.",florida,11-50,elsabatement.com
united states,,OnZ59TENm3aZkp36RIKnCwQsClC7,construction,linkedin.com/company/capco-painting-co,luckey,capco painting co,ohio,1-10,
united states,,ARrHwRcstxXKv24g1XFqkQw660mX,construction,linkedin.com/company/vivat-construction,framingham,vivat construction,massachusetts,1-10,vivatconstruction.com
united states,2004,cTRcsBOdN0WwWAxprtSCsgmjfx5Z,construction,linkedin.com/company/spartan-concrete-incorporated,seattle,spartan concrete incorporated,washington,11-50,
united states,,hgyX1XrxGBc3xCTCTzCl7ACaSj5R,construction,linkedin.com/company/top-notch-carpentry-&-remodeling,greenwich,top notch carpentry & remodeling,connecticut,11-50,topnotchcarpentryremodeling.com
united states,,9eLdwLTWEZ2kWkVfSECy9QabIFpl,construction,linkedin.com/company/musgrave-building-&-restorations-inc,,musgrave building & restorations inc,,1-10,musgravebuilding.com
united states,2013,Piwo2WsITm5qe6Z7w8ERWQ46Q2gr,construction,linkedin.com/company/construction-genius,sacramento,construction genius,california,1-10,constructiongenius.com
united states,,8wzbQGK7VB9ItiXtYPH1pw5SyV6U,construction,linkedin.com/company/pcs-electric,marietta,pcs electric,georgia,11-50,mariettalicensedelectrician.com
united states,,hv6DiDy1WQiKchCqKDhbTwyG7Ksr,construction,linkedin.com/company/gls-builders-inc,evans,gls builders inc,georgia,1-10,
united states,1997,OxCV69FbrrgtZSUp07xtTQRThIUG,construction,linkedin.com/company/gordon-milar-construction,south jordan,gordon milar construction,utah,1-10,gordonmilarconstruction.com
united states,,au8qClkrqlqeXy4ThfzcagtGcOe0,construction,linkedin.com/company/all-in-painting-and-renovations-llc,fort walton beach,"all-in painting and renovations , llc",florida,1-10,allinpainting.pro
united states,2013,QB4E7TBBgviBSQcZtIePEAsbu58K,construction,linkedin.com/company/joadem-corporation,west hempstead,joadem corporation,new york,11-50,joademcorps.com
united states,2007,UcMgzdNqavUhPtWVswJ6Awp9cUZR,construction,linkedin.com/company/american-contracting-corporation,baltimore,american contracting corporation,maryland,1-10,americancontractingcorp.com
united states,,U4lIKcCywgRhqfxrlqqXNwCfViTv,construction,linkedin.com/company/ironhead-construction-&-fab,vale,ironhead construction & fab,oregon,11-50,
united states,2004,FAUyM1o911SSmleI67a0nAkvJs51,construction,linkedin.com/company/adc-limted-llc,,adc limted llc,,1-10,calladclimted.com
united states,,uJL3Jk63iBXiEzo8ZUB4CAzQWnRC,construction,linkedin.com/company/straightline-paint-remodeling,tulsa,straightline paint & remodeling,oklahoma,11-50,straightlinepaintingcompany.com
united states,,wVvZ1fx7cX4QUhKE5R9tpQWDQW4q,construction,linkedin.com/company/j.-balaz-&-associates-ltd.,new york,j. balaz & associates ltd.,new york,11-50,
united states,,k6URSF1wJfyhvgAKnE0DFwd5ZqfR,construction,linkedin.com/company/tools-for-bending-inc,denver,tools for bending inc,colorado,11-50,toolsforbending.com
united states,,FcXm57JkLu1XgSDci0Epdw1jXTev,construction,linkedin.com/company/ken-engelking-builders,allegan,ken engelking builders,michigan,11-50,kenebuilders.com
united states,,d3TIpGqwHogmBp1Wt6vRdQDUMMKd,construction,linkedin.com/company/snyder-renovations,thomasville,snyder renovations,north carolina,1-10,
united states,,mInfr8mRaV7XjYMZNvHB8ggjljhX,construction,linkedin.com/company/backyard-creations,terre haute,backyard creations,indiana,11-50,
united states,,D3GBVmUJKObmXLkL6Ee0RAvQpNpZ,construction,linkedin.com/company/homestead-heating-and-air-conditioning,naperville,homestead heating and air conditioning,illinois,1-10,homesteadheatairconditioning.com
united states,2015,x5rYQ0USjGJmiWnlMfnbQg3XjEUY,construction,linkedin.com/company/rooftek-llc,millcreek,"rooftek, llc",utah,11-50,
united states,,ZiNdA0UWobS7J250KFI0BgObKPn1,construction,linkedin.com/company/wenzl-construction-company,grand island,wenzl construction company,nebraska,1-10,
united states,,4XrN33ngF5TR6rDZKeSNCwTP6wwG,construction,linkedin.com/company/cheeks-construction-co,lutherville,cheeks construction co,maryland,1-10,
united states,,a1mua2ws7jpRoXF7ydRIGAYF7Oso,construction,linkedin.com/company/milton-supply-co,syracuse,milton supply co,new york,1-10,miltonsupply.com
united states,,0RzFeNAyZa0LbYhzpgjKPArnnkO3,construction,linkedin.com/company/girard-resources,mill creek,girard resources,washington,1-10,
united states,,BxeV5V1e2W3pi8ocJADNPwAbztBZ,construction,linkedin.com/company/mckenna-contracting,upper darby,mckenna contracting,pennsylvania,11-50,
united states,,ACk8IZZk8Tb3zyyf6pEqJwOzYr0t,construction,linkedin.com/company/gardner-service,upland,gardner service,california,1-10,gardnerservice.com
united states,,EOSL2l8CI24oAFu78D011w64VaY6,construction,linkedin.com/company/dbz-productions,lewistown,dbz productions,pennsylvania,1-10,
united states,2005,QQjwUmzHAR0UnhMSdVszAw9WUNG2,construction,linkedin.com/company/sterling-specialties,newtown,sterling specialties,pennsylvania,1-10,sterlingspecialties.net
united states,,amcLUtg7vlLQ2zK62TbDVgOnz38J,construction,linkedin.com/company/c-a-consulting,columbus,c a consulting,ohio,1-10,
united states,,RABsBUqCAxuUzpLqzBM5lA4FxdjR,construction,linkedin.com/company/black-bart,bruce crossing,black bart,michigan,1-10,
united states,,BcZXeLRwfHE90vAZTtsofwUfxK7H,construction,linkedin.com/company/superior-heating-air-conditioning-&-electric-inc.,anoka,"superior heating, air conditioning & electric, inc.",minnesota,11-50,
united states,,XjJPiEcVOFpC6d4J87EQgQl39FOK,construction,linkedin.com/company/spink-insulation,jackson,spink insulation,michigan,1-10,spinkinsulation.com
united states,,ClXutG4YF98ZWQURBjfZ3wASIktZ,construction,linkedin.com/company/north-penn-polishing-&-plating,sellersville,north penn polishing & plating,pennsylvania,1-10,npplating.com
united states,,Xk6vCWBReyfn35XUj05acgb345cA,construction,linkedin.com/company/csr-plumbing,berryville,csr plumbing,arkansas,1-10,csrplumbinginc.com
united states,2020,HhVzbDJzyBioreVQtxcxkgmPzcsX,construction,linkedin.com/company/turnstilemobileweldingcom,charleston,turnstile mobile welding,south carolina,1-10,turnstilemobilewelding.com
united states,1964,F8OaOxJU3roWSpB9BC2EkwzElOu9,construction,linkedin.com/company/jjj-floor-covering-inc,pico rivera,jjj floor covering company inc.,california,11-50,jjjfloorcovering.com
united states,,93aEmL9yG6ul0P6yg6qBxABJz2ys,construction,linkedin.com/company/lone-mountain-flatwork-inc,three forks,lone mountain flatwork inc,montana,1-10,
united states,,wMcv7mXh7OrYfQsicbdbNAhwGuY7,construction,linkedin.com/company/jps-home-improvement,franklin square,jps home improvement,new york,11-50,jpshomeimprovements.com
united states,,nqyid99PwqnqWdhEhhXrQQ7JBieS,construction,linkedin.com/company/nova-finishing-co,rochester,nova finishing co,new york,1-10,nova-finishing.com
united states,,b25GL2RnjjWZ9dEPLwhFqgrOCm6A,construction,linkedin.com/company/phil-tullis-excavating-inc,taylorville,phil tullis excavating inc,illinois,1-10,philtullisexcavating.com
united states,,WRKlsX4CBTKRLb33EunPZA0ACFVQ,construction,linkedin.com/company/mk-builders-inc.,lincoln,"mk builders, inc.",nebraska,1-10,buildmk.com
united states,1946,pzG7YBaGDb7O2oGLcxXMoQul0J37,construction,linkedin.com/company/x.s.-smith-inc.,washington,"x.s. smith, inc.",north carolina,11-50,xssmith.com
united states,,T6KEmNTdq4BBA8oTv4PDUQFDV3pr,construction,linkedin.com/company/lakeland-homes-inc,oswego,lakeland homes inc,illinois,1-10,
united states,,BV8gtTqGLH2S1z0gzAeBUw7vQcnN,construction,linkedin.com/company/camwest-group-inc,tucson,camwest group inc,arizona,11-50,camwestgroup.com
united states,,9mdLBcfbqe9B8ZRxEshWvA9yR9SS,construction,linkedin.com/company/luigi-f-cement,st. clair shores,luigi f cement,michigan,11-50,luigicement.com
united states,,iLquCUUUQwXNCOWDqtjs9wUGiauR,construction,linkedin.com/company/the-blain-companies,,the blain companies,,201-500,blain-co.com
united states,1999,RE4IBnLDrSn6Snl32CFWCAAAzado,construction,linkedin.com/company/westsidestone,bronx,west side stone & marble co,new york,1-10,westsidestone.com
united states,,plh9INukBoH4JndKAkZpyAB93OFO,construction,linkedin.com/company/jrr-construction-inc,columbia,jrr construction inc,new jersey,11-50,
united states,,aWyT4DmCgCica9NnkoYvdQKxFDYp,construction,linkedin.com/company/all-american-restaurant-equipm,knoxville,all american restaurant equipm,tennessee,1-10,
united states,1999,eB6C7CqWXBBEDHZBseLvGg9lHGKt,construction,linkedin.com/company/energy-coating-systems-d&m-builders,conroe,"energy coating systems, d&m builders",texas,11-50,energycoatingsystems.com
united states,2017,MKq0TGhbEjVzUIjGTirZDQmC4qJB,construction,linkedin.com/company/malonenterprises,arlington,malon enterprises,washington,1-10,malonenterprises.com
united states,1981,HErJPCmmylZMCj5YT5iR8QRTp9as,construction,linkedin.com/company/boulder-landscape-and-design,erie,boulder landscape and design,colorado,11-50,boulderlanddesign.com
united states,2005,CcMuNo1VBkwLCUoTC99FbQpB7Tks,construction,linkedin.com/company/kamm-realty-inc.,encino,"kamm realty, inc.",california,1-10,
united states,,zWkFCBQ1jbKSBs5yytn2BAOOQMxP,construction,linkedin.com/company/penn-industrial-sales-inc,washington,penn industrial sales inc,pennsylvania,1-10,pennindustrial.com
united states,,H1EsoaYmBDHF7lcP7DGX9AFANok7,construction,linkedin.com/company/united-constructors-of-texas-i,houston,united constructors of texas i,texas,11-50,
united states,2012,CJFzqFSh9pML2NM5uIxnuQ7SS1HJ,construction,linkedin.com/company/3rd-coast-renovations,milwaukee,third coast renovation,wisconsin,1-10,3rdcoastmke.com
united states,,a9cqHZxBKp5wGCYOuttvOwMdPzdH,construction,linkedin.com/company/joaillier-construction-pdts,itasca,joaillier construction pdts,illinois,1-10,
united states,2000,vih5o7KJOcYYSQdaoVO3LQY3ODRr,construction,linkedin.com/company/rio-renovation,,rio renovation,,1-10,riorenovation.com
united states,2022,7yx9ifnCE0lmExlO2B1ZAw6SS4fj,construction,linkedin.com/company/revive-pro-services,seattle,revive pro services,washington,1-10,reviveproservices.com
united states,,BXtITbMaQYteaZBvbxg4KwQ5HiiZ,construction,linkedin.com/company/zimmer-electric-inc,mira loma,zimmer electric inc,california,11-50,zimmerelectricinc.com
united states,1989,wfApAfYCBkiWp2OYgZMFAQumNQX9,construction,linkedin.com/company/american-overhead-door-and-dock-inc-and-peak-electric,levittown,american overhead door and dock inc and peak electric,pennsylvania,11-50,docks-doors.com
united states,,1Mgse2gk7qiFgwleCJZbAgWwEVUK,construction,linkedin.com/company/cross-wired-electrical-services-llc,bartow,"cross wired electrical services, llc",florida,1-10,
united states,1980,6omBBrlkp9LzYlBU7XB4MQLcYnfg,construction,linkedin.com/company/miters-touch,aurora,miters touch,colorado,1-10,miterstouch.com
united states,,7CNjVFNpPCFI82IreJoRvAD1mpqt,construction,linkedin.com/company/d-r-pools-&-spa,kulpmont,d r pools & spa,pennsylvania,1-10,drpools.com
united states,,8BU5OqDHBpy4CLpdBTGJxgCiPfS3,construction,linkedin.com/company/precision-welding-inc,,precision welding inc,,1-10,precisionweldinginc.com
united states,,hfdOLXlHED8dsrjcTzSptQz7RahA,construction,linkedin.com/company/wanamakergroup,bellaire,"wanamaker group, inc",texas,11-50,wanamakergroup.com
united states,,J6sLq5d69D6BF3d5TSuv0AzA40Sq,construction,linkedin.com/company/ed-gersek-inc,green bay,ed gersek inc,wisconsin,11-50,gersek.com
united states,,mdr2dFCs0q4QTpB3ZAo86gMgYL2n,construction,linkedin.com/company/charles-e-white,zephyrhills,charles e white,florida,11-50,
united states,,C3DnqoDR6ESDTJM9iTjENAcpoc7D,construction,linkedin.com/company/e.r.-general-contractor-corp.,cliffside park,e.r. general contractor corp.,new jersey,1-10,
united states,,MyJWDCOICu0hdHW5ChGfLgEH7gKE,construction,linkedin.com/company/two-guys-painting,ormond beach,two guys painting,florida,1-10,twoguyspaint.com
united states,2007,22BQtCl01Tdph8KLphOyagSujW3t,construction,linkedin.com/company/questant,new brunswick,questant,new jersey,1-10,questantinc.com
united states,2003,Vw6qJOpxNKGG8K5iYJB1LQB6TiO0,construction,linkedin.com/company/central-florida-land-services-inc.,brooksville,central florida land services inc.,florida,1-10,
united states,,m7L6Ld85cKAWyRwHYIW63ADaEbGz,construction,linkedin.com/company/ed-fleming-construction,oakland,ed fleming construction,california,1-10,
united states,,ldvFYFb9FNLuFqK6bVKrTwl2K7fH,construction,linkedin.com/company/maple-crest-homes,newaygo,maple crest homes,michigan,1-10,maplecrestcustomhomes.com
united states,,BMFavc3SUgkasrgezWfsBw1hYsta,construction,linkedin.com/company/loren-doyle-concrete-inc,rapid city,loren doyle concrete inc,south dakota,1-10,doyleconcretesd.com
united states,,oeAI15MG5WPaP396YIBlCgENXwOe,construction,linkedin.com/company/gabriel-home-builders-inc-,,gabriel home builders inc.,,1-10,gabrielhomebuilders.com
united states,,r7T3WD2CKOtYt3IQEFPtDgjoWJLz,construction,linkedin.com/company/angels-pools-inc,santa fe springs,angels pools inc,california,1-10,angelspoolsinc.com
united states,,hlbQWIBMbXprajabDQEKvgU1HCNF,construction,linkedin.com/company/luis-ortega,pico rivera,luis ortega,california,11-50,
united states,,SD91Fz2byDA2AihYOycu6gFKxAVJ,construction,linkedin.com/company/js-and-sons,orlando,js and sons,florida,11-50,
united states,1966,618PYBwPA17FrztTp3trBgD4achy,construction,linkedin.com/company/seasonair,gaithersburg,"seasonair, a comfort systems usa company",maryland,51-200,seasonairinc.com
united states,,8CRMJEbR7ASxs7CPQ7kCygaaYwLx,construction,linkedin.com/company/jazzy-remodeling,arlington,jazzy remodeling,texas,11-50,jazzyremodeling.com
united states,,Gi3zkcwPt3bLzNKIvDcjCgBsEW9m,construction,linkedin.com/company/marangos-construction-corp,jamaica,marangos construction corp,new york,11-50,marangoscc.com
united states,,31iBLLbh6yu1qk1Q1SMeOwbdF6gR,construction,linkedin.com/company/matts-repair-and-remodel,brighton,matts repair and remodel,colorado,1-10,
united states,1973,LihBzlxjtZL9lAlKxq5d2QhHCSjt,construction,linkedin.com/company/the-ganwood-company,jacksonville,the ganwood company,florida,11-50,ganwood.com
united states,2019,OpObg8e3go1bFv04aQaI9wrdyRQN,construction,linkedin.com/company/gearheadz-equipment-sales,greenville,gearheadz equipment sales,south carolina,1-10,gearheadzus.com
united states,1997,YMDFu1mC7u1zGopzMg6sNQT2IMIv,construction,linkedin.com/company/dcn-information-services,libertyville,dcn information services llc,illinois,1-10,dcninformationservices.com
united states,,92k0ZaMki2zlTBrGJEGFpAfmbaMR,construction,linkedin.com/company/qwr-services-inc.,elmhurst,"qwr services, inc.",illinois,1-10,qwrinc.net
united states,2016,tXIDGbEZNMke6OBjHie0OQqMf3cV,construction,linkedin.com/company/savage-heating-&-cooling-llc,conway,"savage heating & cooling,llc",south carolina,1-10,savageheatingandcooling.com
united states,1976,6pBspNsuDjAq9LrSLuMXRAuyGDWh,construction,linkedin.com/company/chris-electric,denver,"chris electric company, inc.",colorado,11-50,chriselectric.com
united states,2013,jlduaBh8GIfmu2PDCKjr4wI4FpoC,construction,linkedin.com/company/cube-&-company,lafayette,cube & company,indiana,1-10,cubeandco.com
united states,2005,YYraAMVRNpUWsA5OBTivkgqXQJ3o,construction,linkedin.com/company/bsm-construction-inc,concord,bsm construction inc.,california,51-200,bsmconst.com
united states,2016,BGGZCGNCfxsViANCA4bvOQvkNxuw,construction,linkedin.com/company/unicco-construction-group,clearwater,unicco construction group,florida,1-10,uniccobuild.com
united states,,XWBVpBszg74w4XxHGFL74gFmHFYa,construction,linkedin.com/company/prather-concrete-cutting-inc,cusseta,prather concrete cutting inc,alabama,1-10,prathercutting.com
united states,,bPRvMYUbxAsAzHItie6pngk5SH5Z,construction,linkedin.com/company/gresinger-construction-llc,washington,gresinger construction llc,district of columbia,1-10,gresinger.com
united states,2024,Iz1KTCxOylXQIljEB7CKRAy8jHuS,construction,linkedin.com/company/concreteontapllc,gretna,concrete on tap llc,nebraska,1-10,concreteontapllc.com
united states,2007,1pUeQ5ut4fPFPG6p9qWLbQEJ2qJF,construction,linkedin.com/company/magnum-construction-group-inc.,foster city,"magnum construction group, inc.",california,1-10,
united states,,NInC7PI8dSbpphcdZ14GBAVcGb0K,construction,linkedin.com/company/boegel-home-improvement,sandwich,boegel home improvement,massachusetts,1-10,boegelofcapecod.com
united states,2017,PPzxsCHzfK1FMDkkZLznPAbSalHQ,construction,linkedin.com/company/flex-properties,boston,flex properties,massachusetts,1-10,flexpropertiesma.com
united states,2001,uTxfdQrWYBnXCnlfYEJBaASN6jAv,construction,linkedin.com/company/negron-services,oceanside,negron services inc.,california,1-10,negronservices.com
united states,2020,FA9zTunJwampetBtLDg7VQOD1Zkb,construction,linkedin.com/company/msp-demolition,anoka,msp demolition,minnesota,11-50,mspdemolition.com
united states,,Za2MEgfS6B7e5ZxA6w1dWwVhoc52,construction,linkedin.com/company/gallery-of-woodwork-llc,seymour,gallery of woodwork llc,wisconsin,1-10,galleryofwoodwork.com
united states,,RqE1oC5CcT0VlnpBBfaacANf6q3m,construction,linkedin.com/company/one-call-home-team,hendersonville,one call home team,tennessee,11-50,onecallhometeam.com
united states,,Sl4TFCdxRjprswTnn1hWLgzdMw9m,construction,linkedin.com/company/the-barber-webb-co-inc-,,the barber-webb co. inc.,,1-10,barber-webb.com
united states,,8CpsNfojSUsMX00ARLhqNgyMglpV,construction,linkedin.com/company/kevin-james-landscape-inc,pineville,kevin james landscape inc,north carolina,1-10,kevinjameslandscape.com
united states,2001,TeIZkTcCoCCWKENK0VXwgQUhYUYK,construction,linkedin.com/company/clean-construction-and-building-services,little canada,clean construction and building services,minnesota,11-50,cleancbs.com
united states,,lqWXTLaNAEbHyjKCJqk4hQEqXVMF,construction,linkedin.com/company/protechpower,chicago,"protech power, inc",illinois,1-10,protechpwr.com
united states,,UQsJEBk2SZ7QIBU4nCnlfQwQvLKC,construction,linkedin.com/company/tampa-bay-laptops,tampa,tampa bay laptops,florida,1-10,tblaptops.com
united states,1998,qT5aDbCB2cO8C1Ng864EfAuo6qVs,construction,linkedin.com/company/b-&-b-wholesale-metals,east palatka,1st coast metal roofing supply,florida,11-50,1stcoastmrs.com
united states,,Ra8BSG2C15x2loHCcSBsbAB3a4of,construction,linkedin.com/company/staple-connection,apollo beach,staple connection,florida,1-10,
united states,,WanomSDTbfl5oMIeQQYvyQkKJ6M4,construction,linkedin.com/company/richard-marshall-custom-design-flooring-inc.,gardena,"richard marshall custom design flooring, inc.",california,11-50,
united states,,0o3BxazLAqhKCKHSDOs66g8vl9gx,construction,linkedin.com/company/sarasota-masonry-inc,sarasota,sarasota masonry inc,florida,1-10,
united states,,4V5OTuXGC5C3zWmnZBUgdAl0yVX5,construction,linkedin.com/company/woodlands-flooring-inc,spring,woodlands flooring inc,texas,1-10,
united states,,mpLkXm2BN6eZHO8zIyZWnwMniZBZ,construction,linkedin.com/company/schultz-roofing-&-repairs-llc,loveland,schultz roofing & repairs llc,colorado,1-10,
united states,2006,2D1MUTkCEdSaCvJI50lkAgPJY45T,construction,linkedin.com/company/pinnacle-plastering-inc.,riverside,"pinnacle plastering, inc.",california,11-50,
united states,2021,xIbqCbnZpfcIfn90CG2DlgdoOLDW,construction,linkedin.com/company/paradise-cottage-care,levering,paradise cottage care,michigan,1-10,paradisecottagecare.com
united states,2017,PD0K5FwvEXA6PPoFSZ5rOQXWt0Fe,construction,linkedin.com/company/medle-international-corp,hialeah,medle international corp.,florida,11-50,mic-eng.com
united states,1974,Vq2kre1b8Ag1yJOSPW7BMQ7WR2Ka,construction,linkedin.com/company/klaus-roofing-systems-of-ohio,columbus,klaus roofing of ohio,ohio,11-50,klausroofingofohio.com
united states,,UEhIRAC5m70Cq154lcCf3wW0kW1B,construction,linkedin.com/company/champion-floor-company,,champion floor company,,11-50,championfloor.com
united states,,pE1EOQLKUcIs5vgwmfbingwlELkO,construction,linkedin.com/company/calecco-construction,glendale,calecco construction,california,1-10,calecco.com
united states,,IKVxFsJg4lL4QU4NLQlCVQVj3aPT,construction,linkedin.com/company/metro-commercial-contracting,huntsville,metro commercial contracting,alabama,1-10,
united states,,PkiIk94jjqlaPhu6AR8C3wllr0CH,construction,linkedin.com/company/a-w-hughey-construction-services-ll,venice,a w hughey construction services ll,florida,1-10,
united states,,TCh42KKkTfqtzO27dCbeSAwlPlTJ,construction,linkedin.com/company/mikes-custom-woodworks,louisville,mikes custom woodworks,illinois,1-10,mikescustomwoodworks.ca
united states,,5MCYeBkvT46apeBbtCnKBgIKBzaR,construction,linkedin.com/company/tremont-construction-corp,maplewood,tremont construction corp,minnesota,1-10,
united states,,iVgEEotHOChtFIbIfSJeaAZdPzCF,construction,linkedin.com/company/electrical-wizardry,philadelphia,electrical wizardry,pennsylvania,1-10,
united states,1999,oBhHKlBIYMxkQHQtSUmz7gv0hY1v,construction,linkedin.com/company/ibk-inc,kennewick,"ibk, inc.",washington,11-50,inlandbath.com
united states,,QQYbDbyRh27kRkaGaLC7LQ7dAA73,construction,linkedin.com/company/sandborg-plumbing-&-heating,sandwich,sandborg plumbing & heating,massachusetts,1-10,
united states,,w0XmqqPlmvfLwy6IHhdhUwN7J8XQ,construction,linkedin.com/company/vip-contractors-inc,mcdonough,vip contractors inc,georgia,1-10,vipcontractors.com
united states,,3Cfqp2gHVT3WTBGk8jH5nwjv9ZAa,construction,linkedin.com/company/interior-construction-inc.,omaha,"interior construction, inc.",nebraska,11-50,interiorconstruction-omaha.com
united states,,BS5GtqRFb1kgjxZqbKSXXAabcQSj,construction,linkedin.com/company/blrja,,blrja,,1-10,blrja.com
united states,1999,9BeZPEHLFpBhhKmjQJCm2wbMXZFg,construction,linkedin.com/company/california-contract-co,cibola,halliburton contract services,arizona,1-10,caservices.us
united states,,CvBGp8ghsvOcQvY9DXk7pAwdqJDc,construction,linkedin.com/company/p.r.-hughes-llc,charlotte,p.r. hughes llc,north carolina,1-10,prhughesllc.com
united states,,9bDIdos3RuztjDLJcrYMDQNt4g8a,construction,linkedin.com/company/c-m-contracting-inc,battle creek,c m contracting inc,michigan,11-50,cmcontracting.net
united states,,BhCd1LcnpovIheuADvLnVQBnSPuu,construction,linkedin.com/company/pacific-grand-builders-inc,los angeles,pacific grand builders inc,california,1-10,pacificgrandbuilders.com
united states,2008,Eh26Yk44K4wmBxPYUZvDqwrWT5NE,construction,linkedin.com/company/next-gen-metal-roofing-usa,edwardsville,next gen metal roofing usa,illinois,1-10,nextgenmetalroofing.com
united states,2006,2LEQ3mQlyeeSV9ZnGkFF0w5HoKtq,construction,linkedin.com/company/the-brigman-group-inc,asheville,"the brigman group, inc.",north carolina,1-10,thebrigmangroup.com
united states,1998,ta1tspoX36ZMbKQwrECvSAVOX1QZ,construction,linkedin.com/company/river-city-plastics-inc,rocklin,"river city plastics, inc.",california,1-10,
united states,,1FHIQ8kEGVSglbxsvs8dOQ8RkHXr,construction,linkedin.com/company/a-painting-llc,brooklyn park,"a+ painting, llc",minnesota,1-10,apluspaintingllc.com
united states,2014,V53ixTuhbpmhLthd1ONULADAZJBf,construction,linkedin.com/company/energy-systems-consultants,houston,energy systems consultants,texas,1-10,energysys.co
united states,2008,RG2hMGXbEniYF3GMJbYRag7Qonq4,construction,linkedin.com/company/hu-xing-iron-inc.,san francisco,"hu xing iron, inc.",california,1-10,
united states,,l0iAiMehB6rlFuDFXcbyCwhWteHl,construction,linkedin.com/company/volkens-excavating-inc,dyersville,volkens excavating inc,iowa,1-10,
united states,,o0WxaahBnWhvK4WZ3oSFYgQxjvCx,construction,linkedin.com/company/liquid-applications,lynden,liquid applications,washington,1-10,
united states,,sM9i93PQAeLxm0b7IVs2Bw5ZuBLn,construction,linkedin.com/company/sierra-classic-homes,willis,sierra classic homes,texas,11-50,
united states,,pWJ2mAvVoEotjoT2Iir9VwmA4q2m,construction,linkedin.com/company/wallis-guttering-company,st. joseph,wallis guttering company,missouri,11-50,wallisguttering.com
united states,,2fDyLOhahewXaKsKHMuq0gPLfb5I,construction,linkedin.com/company/raintight-roofing,sandy,raintight roofing,utah,1-10,raintightroofing.com
united states,,TxOsw5PjDmYkKEadlS26qAtNVwui,construction,linkedin.com/company/str-construction-inc,river falls,str construction inc,wisconsin,1-10,strconstruction.biz
united states,,F2n1j7vJQm2GsCDuAOmuQAQq93PP,construction,linkedin.com/company/develo-tech-llc,commerce city,develo tech llc,colorado,1-10,
united states,2006,DF78nSL2RMeOVxdiedSy5A2qAwGp,construction,linkedin.com/company/coastal-plastering-repair,tallahassee,coastal plastering & repair,florida,1-10,tallahasseeplaster.com
united states,,deHvy7HS5p2uJG5ANWPMbQpcbcnB,construction,linkedin.com/company/melos-pool,palm desert,melos pool,california,11-50,
united states,,WWrZRyQeNEMQaItmfC2lpwgIos2X,construction,linkedin.com/company/eckblade-floor-covering,batavia,eckblade floor covering,illinois,1-10,
united states,,NniB5FooPt9oAMZAowMxLQc0YzaP,construction,linkedin.com/company/asr-commercial-roofing,jefferson,asr commercial roofing,georgia,1-10,asrcommercialroofing.com
united states,,ooAIOIpEoTcfiiLqErSZFwO1UW6u,construction,linkedin.com/company/elam-construction,riverdale,elam construction,illinois,1-10,elamconstruction.com
united states,,QrsOQAuS2BHia0pClCruVwx1KNAR,construction,linkedin.com/company/billy-jones-stucco,fort lauderdale,billy jones stucco,florida,1-10,billyjonesstuccoinc.com
united states,2014,0Hxbg6E3pNm6KtFgGli2RgP2Ud2N,construction,linkedin.com/company/g-r-heating-and-air,elgin,g & r heating and air,illinois,11-50,grheatingcooling.com
united states,1993,6gCHymzSLfYWe70ndAji6wTh4FRJ,construction,linkedin.com/company/conserv-group-inc.,bourne,"conserv group, inc.",massachusetts,11-50,conservgroup.com
united states,,G35NKpvXhyOoGX8JEq4BlALdmaS0,construction,linkedin.com/company/the-claims-&-indpendent-roofing-contractor-academy-llc,plano,"the claims & indpendent roofing contractor academy, llc",texas,1-10,
united states,,3XzdsA0SflIBSWyi7HrJrgD27crZ,construction,linkedin.com/company/the-crack-medic,o'fallon,the crack medic,missouri,1-10,crackmedicrepairs.com
united states,,zaraLrIe7fzbnCJfcPZj2AW7bXZL,construction,linkedin.com/company/valspec-contracting-inc,greenleaf,valspec contracting inc,idaho,1-10,floridaopinionresearch.com
united states,1961,4uWaIS2eBu9hj86X4QvTvQ4bu0ol,construction,linkedin.com/company/standard-taylor-industries-inc,montgomery,"standard taylor industries, inc",alabama,11-50,
united states,2005,dti2dZHY324TOUWLoAAx1A4OJwHx,construction,linkedin.com/company/cornelius-electrical-contractors-inc.,palm bay,cornelius electrical contractors inc.,florida,1-10,corneliuselectric.com
united states,,EZGRpS4BbeELm7Do8YL77gqmfezz,construction,linkedin.com/company/mel-burges,,mel burges,,1-10,
united states,,JA60zV7SMclOZWvFblzBtQri7gMj,construction,linkedin.com/company/diament-building-corporation,uwchland,diament building corporation,pennsylvania,11-50,diamentbuilding.com
united states,,w1XXnQJ4C2UKdFdhCjpkUQLa70rA,construction,linkedin.com/company/golden-woods-nursery-&-landscape-inc.,escondido,"golden woods nursery & landscape, inc.",california,1-10,goldenwoods.com
united states,,gli5Uqn8vJgJEnk548BUXAilIWHY,construction,linkedin.com/company/gto-masonry-llc,las vegas,gto masonry llc,nevada,1-10,gtomasonry.com
united states,,fcA3mtaFNT6QlKLrEAmuMgQX4cYe,construction,linkedin.com/company/pooley-excavating-inc,missoula,pooley excavating inc,montana,1-10,pooleyexcavating.com
united states,2000,EZ7CaScLFkfBBqN6BYPfTAPAKhpS,construction,linkedin.com/company/superior-fence-rail-of-orlando,orlando,superior fence & rail of orlando,florida,11-50,
united states,,rvm6eXj1A0CJObnqfQRtOw8w6rRh,construction,linkedin.com/company/jeff-davies-services,kodak,jeff davies services,tennessee,1-10,charlottegc.com
united states,,C5FIrjBFsC0Fd1WSfyK0Tgfg5l4i,construction,linkedin.com/company/experts-of-h-o-m-e-,,experts of h.o.m.e.,,1-10,expertsofhome.com
united states,2011,3RTfVqogSFJduOBdnOFiRQSKD90G,construction,linkedin.com/company/high-performance-land-home,nederland,high performance earthworks,colorado,1-10,highperformanceearthworks.com
united states,,2tdb5ixDCAWKFPn0IiQGeQyv1l62,construction,linkedin.com/company/wool-custom-homes,ballwin,wool custom homes,missouri,1-10,woolcustomhomes.com
united states,2002,KdedQO57qY8tmPHoOFF5awgweylb,construction,linkedin.com/company/chase-construction-north-west-inc-,edgewood,"chase construction north west, inc.",washington,11-50,chasenw.com
united states,,PCJutZjTPem5CV9RDkWF8g99uzwl,construction,linkedin.com/company/patrick-properties-services-inc,overland park,"patrick properties services, inc",kansas,1-10,
united states,,BYgfyz1Hf0EWoBnjph0M2A2SkJQb,construction,linkedin.com/company/shepard’s-floors-paints-&-interiors,jacksonville,shepard’s floors paints & interiors,north carolina,1-10,
united states,,C7QKmkJGDFUByakZG7BihgNGDrak,construction,linkedin.com/company/mitnet-llc-dba-fcc-cabinets,jacksonville,"mitnet,llc dba fcc cabinets",florida,11-50,fccfla.com
united states,,QnH2c6H5rnCjPYeairCQNAYOIAhf,construction,linkedin.com/company/maple-associates,sandwich,maple associates,massachusetts,1-10,
united states,,BSvW1yqV09XSJoraBjoFXQLUu2fB,construction,linkedin.com/company/global-luxury-building-materials,austin,global luxury building materials,texas,51-200,glbm-usa.com
united states,2016,VRwge8kECZidqkMJSva35Qqm7Ssn,construction,linkedin.com/company/root-companies,baltimore,root companies,maryland,11-50,rootcompanies.com
united states,1979,cQNVd747YMzAK8e7CsW6eADuC043,construction,linkedin.com/company/young-ideas-painting-and-design,concord,young ideas painting and design,massachusetts,11-50,youngideas.biz
united states,,kSqRm8FDyVd1MOiOOBIH6gryI3Fg,construction,linkedin.com/company/oren-associates-inc,jenkintown,oren associates inc,pennsylvania,1-10,
united states,1993,apDbyb0C8l2LeKHEamE1Bg3ttU6q,construction,linkedin.com/company/pier-head-associates,new york,"pier head associates, ltd.",new york,11-50,
united states,,8Hgk8bZZOddHyXWyfQFoYgF4Pge1,construction,linkedin.com/company/steve-n-kristens-painting,charlotte,steve n kristens painting,north carolina,11-50,stevenkristenspainting.weebly.com
united states,,W0KDTkGctBjGow0pJWys2wj6jjnx,construction,linkedin.com/company/bolte-custom-homes-llc,scottsdale,"bolte homes, llc",arizona,11-50,boltehomes.com
united states,2015,S0ucxjzDKPswQCcniJmtKAXSMo96,construction,linkedin.com/company/imold,fort myers,imold cleaning and restoration,florida,51-200,imold.us
united states,,Cw3DQA1MZDrxkkIjmeL4rAjHsB28,construction,linkedin.com/company/column-climber,charlotte,column climber,north carolina,1-10,column-climber.com
united states,,RuMWRX4S14tglQKbLxTGMQPpn72o,construction,linkedin.com/company/lna-concrete-structures,chino hills,lna concrete structures,california,1-10,
united states,2016,gCjIWnNa8sW6IYJ6CBE65wpEz9A9,construction,linkedin.com/company/ridgeline-structural-systems,kouts,ridgeline structural systems,indiana,1-10,ridgelinestructural.com
united states,1990,Y6xMPMRGUuV0txrJsWBSrw3HGhE5,construction,linkedin.com/company/cobblestone-builders,menomonee falls,cobblestone builders,wisconsin,1-10,cobblestone-bldrs.com
united states,1969,8sejvb0cBshEa3iTeCV5Ggf867BT,construction,linkedin.com/company/sam-desanto-co-inc,rockville,sam desanto co inc,maryland,11-50,samdesanto.com
united states,,Se7kpetKxOrzHQMUh9DHPwnliU9S,construction,linkedin.com/company/helphunter,san francisco,helphunter,california,1-10,helphunter.net
united states,,doTs6cCEUsmRvqMh7DbmogQtNANS,construction,linkedin.com/company/m-a-builders,monticello,m a builders,indiana,11-50,mabuilders.in
united states,1982,FTDyBBBNdA3N5pP4fxZemA8m3dau,construction,linkedin.com/company/wildsmith-construction,brunswick,wildsmith construction,georgia,1-10,wildsmith.com
united states,,OSanhLysegK5zcXpL2ajCA3JbpTj,construction,linkedin.com/company/kicking-horse-construction-inc,troy,kicking horse construction inc,montana,1-10,kickinghorseconstruction.com
united states,,EpDlGTPN1DsdL7Bby1lu9A5Rzvc4,construction,linkedin.com/company/kammerling-construction,indianapolis,kammerling construction,indiana,1-10,kammerlingconstruction.com
united states,,mIuBdr0xkTCuoEQxQuWbSgkc3e5s,construction,linkedin.com/company/leonardi-landscaping,,leonardi landscaping,,1-10,leonardilandscaping.com
united states,,a6AF8sRmWnEQJcKd0inBZQslujLl,construction,linkedin.com/company/california-construction-partners-corp,la verne,california construction partners corp,california,1-10,
united states,,9fUycriwagX2rJEK5niJOQvByfpf,construction,linkedin.com/company/interior-class-ltd,fayetteville,interior class ltd,georgia,1-10,
united states,,sAGoNQyKhnTuHMWltKmZjghPNN3U,construction,linkedin.com/company/nuevo-mexico,norcross,nuevo mexico,georgia,1-10,
united states,1986,tFyAgocUYK3XuhT3qo9Y3QiEZeBm,construction,linkedin.com/company/the-durable-restoration-company,columbus,the durable restoration company,ohio,51-200,durablerestoration.com
united states,,2wBJ8nt2Qr6Yi9BMCCthTgHntanV,construction,linkedin.com/company/jarosch-heating-&-cooling-inc,comstock park,jarosch heating & cooling inc,michigan,1-10,
united states,,MJYPnUKboSlPbntoXuY2cwSGWgSf,construction,linkedin.com/company/cramer-flooring,craig,cramer flooring,colorado,1-10,
united states,2011,PVOmZncsu9Cc27dTKzx4KQGeTwIB,construction,linkedin.com/company/1-hour-drain,san jose,1-hour drain,california,1-10,1hourdrain.com
united states,2003,n4iWh5TjACyVjvlGuVMPzQarkPvR,construction,linkedin.com/company/chad-jackson-painting-inc.,new port richey,"chad jackson painting, inc.",florida,1-10,chadjacksonpainting.com
united states,,PzGwJKCkvdaxfZH5r6vikAvvqdQd,construction,linkedin.com/company/wattsexcavating,chesterland,watts excavating,ohio,1-10,wattsexcavating.com
united states,2019,Bjjs5T69enbjkhPpfF0RZATchXxA,construction,linkedin.com/company/structureresourcesllc,chandler,structure resources llc,arizona,11-50,structureresources.com
united states,2013,QGAWg9kExGSE89CxC9eHZgHQX4Jq,construction,linkedin.com/company/topremodelersnyc,new york,topremodelersnyc,new york,11-50,
united states,,NyOA2aKXUHavjoHi8Umj1wLjobqA,construction,linkedin.com/company/waco-regional-office,waco,waco regional office,texas,1-10,benefits.va.gov/waco
united states,1987,dDpjTSiGI6tslskWZXCnLA5bMkmc,construction,linkedin.com/company/aspen-construction-services-corp-,bondville,"aspen construction services, corp.",vermont,1-10,aspenvermont.com
united states,,t6TQswCR8woh8YR87YEJwgK9s8KF,construction,linkedin.com/company/d-p-hudacek-contracting-inc,leawood,d p hudacek contracting inc,kansas,1-10,
united states,1976,38c2kbzpOkoVDCCs9Qi8aQFAQF5N,construction,linkedin.com/company/richard-g.vass-general-contractor,,richard g.vass general contractor,,1-10,rgvass.com
united states,,OAV0IBRCMe9WUBUhGu9gdwxYkYYk,construction,linkedin.com/company/cm-construction,salem,cm construction,wisconsin,51-200,
united states,2023,jUu9OsXxDZzA2dXuXalCBAWeYdBE,construction,linkedin.com/company/gunn-construction,arlington,gunn construction,virginia,1-10,gunncon.com
united states,2024,BvWqJzDKph94wbA5vKLGRg3Tck8c,construction,linkedin.com/company/i-i-specialties,batavia,i & i specialties,illinois,1-10,iandispecialties.com
united states,2015,BqF1kmIr2p50B0Su7YVpRgc5bAP0,construction,linkedin.com/company/dreamcatcher-innovation,atlanta,dreamcatcher innovations,georgia,1-10,
united states,,2MnbwBpI3IMzzgJiKTFiwQITlsmz,construction,linkedin.com/company/louisiana-testing-&-inspection,scott,louisiana testing & inspection,louisiana,1-10,latesting.net
united states,2021,HiQn7DSybP7ByWLC4TVkzATGWG6k,construction,linkedin.com/company/sinclairconstructioninc,birmingham,sinclair construction inc.,alabama,1-10,
united states,,zr4uS5m1GG4aJvw6P7xjiAiUv0CA,construction,linkedin.com/company/town-and-country-granite-llc,farmington,town and country granite llc,minnesota,1-10,townandcountrygranite.com
united states,,l2VdYcMq1zqyVZFue41FlQ9dG4uj,construction,linkedin.com/company/asl-access,alexandria,asl access,virginia,1-10,aslaccess.org
united states,,It9MrfzNe8Bc2EjcUSDo8QFX59B4,construction,linkedin.com/company/blanchard-&-weaver-development-llc,,blanchard & weaver development llc,,1-10,propertiesbyweaver.com
united states,,tCsneXXmGoecn9m2I0hK1gTVGeuZ,construction,linkedin.com/company/husik-ignatyan,glendale,husik ignatyan,california,11-50,
united states,,LllJ3SXE09eH51DeVXOePQH77eQX,construction,linkedin.com/company/eav-roofing-&-repair,atlanta,eav roofing & repair,georgia,1-10,
united states,2004,bmBcOmT9BELrO6mlMxBAfgHPrVfT,construction,linkedin.com/company/stone-creek-home-repair,queen creek,stone creek home repair,arizona,1-10,stonecreekrepair.com
united states,,2hoQjTq58h7nj9A8BfBFuQFIW8NB,construction,linkedin.com/company/baran-electric,lake hopatcong,baran electric,new jersey,1-10,baranelectric.com
united states,,iMt0mBHQ5DDN212Xts7X1w8i9jiW,construction,linkedin.com/company/steve-spraitz-the-tile-setter,santa fe,steve spraitz the tile setter,new mexico,1-10,tilesteve.com
united states,,Lgf0NuPA7n1PNlaBKd7G2gSrVw3o,construction,linkedin.com/company/shoomadoggie,poulsbo,shoomadoggie,washington,11-50,shoomadoggie.com
united states,,iqy45BJ4S0WimQUalqx1Qw9RoxDF,construction,linkedin.com/company/seamless-concrete-contractors-jacksonville,jacksonville,seamless concrete contractors - jacksonville,florida,11-50,seamlessconcretefl.com
united states,,nTQr3ljja7J9szBtTPNXAgF1NG8g,construction,linkedin.com/company/pcc-preferred-contracting-&-consulting-llc,pleasant view,pcc preferred contracting & consulting llc,colorado,1-10,
united states,,oURNCQatY5SO6W4uvxIKlATJnhH1,construction,linkedin.com/company/apollo-construction-and-renovations-llc,bokeelia,"apollo construction and renovations,llc",florida,1-10,apolloconstructionllc.com
united states,1995,juxmvw23hXppCFldHSlN0wtm7anw,construction,linkedin.com/company/kippen-concrete-cutting,roy,"kippen concrete cutting, llc",utah,11-50,kippenconcrete.com
united states,2005,c1UFlJBV08CVJIkGiEkc1wh3OJ68,construction,linkedin.com/company/solamente-clay-walls,placitas,solamente clay walls,new mexico,1-10,solamenteclaywalls.com
united states,,HVIYMydZdlzUlt7C6k6gBgSyAzRn,construction,linkedin.com/company/tompkins-flooring-irvine,irvine,tompkins flooring irvine,california,1-10,
united states,1989,QLgEYwzAHN9CiiCqy6AEdgBy1pc3,construction,linkedin.com/company/cmc-building-inc,bolton,"cmc building, inc.",north carolina,11-50,cmcbuildinginc.com
united states,2016,0xwszfrDBtQ1y3xnZYfcBAo5cbiv,construction,linkedin.com/company/hcsoftcrete,hutchinson,hcs rubber surfacing (softcrete),minnesota,1-10,hcssoftcrete.com
united states,2007,aCeGZqlAebjipv90UpNsjw48CTWP,construction,linkedin.com/company/chesapeake-containment-systems-inc.,statesville,"chesapeake containment systems, inc.",north carolina,51-200,ccsliners.com
united states,2019,J5VCLKUAL2EPpgc4YpVU2AcwEyuM,construction,linkedin.com/company/csf-exteriors,omaha,csf exteriors,nebraska,1-10,csfexteriors.com
united states,1993,kz7Dzo1zzkvpCDC5c3sCqg91pnpR,construction,linkedin.com/company/paolino-development,villanova,paolino development llc,pennsylvania,1-10,paolinodevelopment.com
united states,,B2pSsPKWCYMfYujcJjMG5QhwsJx2,construction,linkedin.com/company/nelson-plumbing-service,crookston,nelson plumbing service,minnesota,11-50,
united states,,jQS2T37duXou53hzhkK03Qs8LRSb,construction,linkedin.com/company/sumadi-enterprises-inc,san antonio,sumadi enterprises inc,texas,1-10,
united states,,ti02DWxuJTQ5fdo4StevpgMdqxNS,construction,linkedin.com/company/mh-patrick-builders-inc,la mesa,mh patrick builders inc,california,1-10,
united states,2000,CBoaVFHkVRiHco2Si32NTwLa2cNR,construction,linkedin.com/company/dustin-donley-construction-services-llc,marble falls,dustin donley construction services llc,texas,51-200,dustindonleyconst.com
united states,2023,VIunrH1dC6ZyJqSCfsgu5QQWHX2R,construction,linkedin.com/company/vital-air-systems,preston,vital air systems llc,texas,11-50,
united states,1996,WRrfI04GqCOcvdBF5enzJwqsmRho,construction,linkedin.com/company/premier-technology-inc.,blackfoot,premier technology inc.,idaho,201-500,ptius.com
united states,2016,gMaJ7qNpXBoGKPjMoqfocgSwCeS0,construction,linkedin.com/company/pro-pavers-houston-llc,houston,"pro pavers houston, llc",texas,1-10,propavershouston.com
united states,,YpaEO8JDjBU8kIJa8O1tIQMq31zF,construction,linkedin.com/company/gary-steelman-painting,pompano beach,gary steelman painting,florida,1-10,
united states,1956,tB0vbjL2sLB5jOlTPe03UgLxh0py,construction,linkedin.com/company/bracken-construction-company-inc,ridgeland,"bracken construction company, inc",mississippi,51-200,
united states,,2Ws1PcX9ufuPS7Losr5SWgji5mw9,construction,linkedin.com/company/tall-city-home-improvements,midland,tall city home improvements,texas,1-10,
united states,,5V7w23VRLfyy2CkWAMdSZw8ImGEh,construction,linkedin.com/company/alterra-underground-solutions,berthoud,alterra underground solutions,colorado,1-10,alterraunderground.com
united states,,Rz8Q0fcsnisIkxRJ94I3GgCa0VIl,construction,linkedin.com/company/century-raingutters,san diego,century raingutters,california,11-50,centuryraingutters.com
united states,2009,G9Csf0hK4MyB41KPnP68rQhjmbMD,construction,linkedin.com/company/mr-handyman-wheaton-hinsdale,west chicago,mr. handyman of wheaton-hinsdale,illinois,11-50,
united states,,pRR2n1lYC427UuW6qQUogwABgLsD,construction,linkedin.com/company/styles-in-tile,derry,styles in tile,new hampshire,1-10,
united states,2009,EcsVa6iWrk31kUbsGHBKcwS3GL0x,construction,linkedin.com/company/alvarez-new-concepts,tampa,alvarez new concepts,florida,1-10,alvareznewconcepts.com
united states,2016,AbfB0j1KljmUfCjqbABAPAwL3K1Z,construction,linkedin.com/company/crane-and-rigging-camera-systems,virginia beach,crane and rigging camera systems,virginia,1-10,cranercs.com
united states,,8WOH5hrtBOsLnonVD6rtKAtgCY0F,construction,linkedin.com/company/hawks-construction,bullhead city,hawks construction,arizona,1-10,hawkesconstruction.com
united states,,uMFbYabdcVLOm2ieBBHB3AMeMHMw,construction,linkedin.com/company/ironback-construction,madera,ironback construction,california,1-10,
united states,,IMivASnA5NQxEDvy8MByuQubRtd0,construction,linkedin.com/company/charleston-pool-experts,mount pleasant,charleston pool experts,south carolina,1-10,charlestonpoolexperts.com
united states,,mSpqkYrj793OeGiBJwOoowpG6ZtZ,construction,linkedin.com/company/fehoko-concrete-inc,los angeles,fehoko concrete inc,california,1-10,fehokoconcrete.business.site
united states,,WPcYbrfyANfNC2OELM60IA4DigPq,construction,linkedin.com/company/dbc-contractors,scottsdale,dbc contractors,arizona,1-10,dbccon.com
united states,,Yq3cd4vqB2Cj3vKrTWNDtg6D1TbR,construction,linkedin.com/company/moss-academy-of-music,oak park,moss academy of music,michigan,1-10,
united states,2004,kGvClLv7RX6W3TdK7Wq5PQunj4Fn,construction,linkedin.com/company/arrowhead-landscape-services,golden,arrowhead landscape services,colorado,51-200,arrowheadcares.com
united states,2011,yJdVajCgoHo7CEGrqQPocQNwAKlW,construction,linkedin.com/company/multicraftelectric,bloomington,multicraft dec,indiana,11-50,multicraftelectric.com
united states,1979,vOXCSTJJoFW59B1dB7bFWg3NPCBX,construction,linkedin.com/company/atlas-carpet-&-tile,hialeah,atlas carpet & tile,florida,1-10,atlascarpetandtile.com
united states,,K9IzsZcVUjlyKtvz032irwLxmyCy,construction,linkedin.com/company/mesler-roofing,lawrence,mesler roofing,kansas,11-50,
united states,1998,mAFwbkTGBBA4ARhGF3AbHgqE33NJ,construction,linkedin.com/company/dynamic-air-services,lake forest,dynamic air services,california,11-50,
united states,,sqZQmHZwmNKYcy7Uw1TTzw3MRFNH,construction,linkedin.com/company/koscik-construction-inc,madison,koscik construction inc,wisconsin,1-10,
united states,,c3Zx7WGKPvL0CDw6XLo8ggBDSH2M,construction,linkedin.com/company/sd-ochs-construction-inc.,loomis,"sd ochs construction, inc.",california,11-50,sdochs.com
united states,2017,7hAz2iLbWYtKr6lh98BInA6dmkxB,construction,linkedin.com/company/anything-handyman,woodbury,anything handyman,minnesota,1-10,anythinghandyman.com
united states,,mq4v3H8IzmhzMncIlHzkAgqRXedf,construction,linkedin.com/company/scorpio-general-contracting-corp.,astoria,scorpio general contracting corp.,new york,1-10,
united states,1963,4PibQBafMPuWpdTsSfk33Au2qGE0,construction,linkedin.com/company/oregon-mainline-paving,mcminnville,oregon mainline paving,oregon,51-200,oregonmainline.com
united states,,Z3AKq6GfKSIbn8CbnG62cgMi6bhA,construction,linkedin.com/company/teton-village-water-&-sewer,teton village,teton village water & sewer,wyoming,1-10,tetonvillagewy.org
united states,,j9bCFZPjkUgeDOy2xnqOYA3MtGAM,construction,linkedin.com/company/dominguez-tile-&-stone,elgin,dominguez tile & stone,texas,1-10,dominguez-tile-stone-in-elgin-tx.cityfos.com
united states,,wO8EU5FGWDZwvzmKqOrqWAcAabQg,construction,linkedin.com/company/smittys-carpet,steubenville,smittys carpet,ohio,1-10,smittysfloors.com
united states,,EhM2Ifhxm5J5Fw64AkbTxgDvD959,construction,linkedin.com/company/tippet-inc,waukegan,tippet inc,illinois,1-10,
united states,1991,asaaY12szAhLRwxqbcT1xQ1CU6ci,construction,linkedin.com/company/tri-city-seal-co-inc,tuttle,tri-city seal co inc,oklahoma,11-50,
united states,,h7VtmuRhaBGVDuy58ufA8QgUxJbG,construction,linkedin.com/company/vistana-general-contractor,mendham,vistana general contractor,new jersey,11-50,
united states,,xnMjgi6bAtmnY9WuISkSMwB3gRDu,construction,linkedin.com/company/g-&-s-roofing-&-painting,negaunee,g & s roofing & painting,michigan,11-50,gscontracting.us
united states,2004,ESub3apH4uCktNWPkiwyNASUtEtE,construction,linkedin.com/company/unique-custom-woodworking-llc,minneola,unique custom woodworking llc,florida,1-10,grovelandcustomwoodworking.com
united states,,QjKB4cuEx3qCh1lReO1FTAPHNRdm,construction,linkedin.com/company/maintenance-by-mark,milwaukee,maintenance by mark,wisconsin,1-10,
united states,,y7BNShEsHoNafOycPxoZBgh9WbcU,construction,linkedin.com/company/brodney-&-sons-inc.,waltham,"brodney & sons, inc.",massachusetts,1-10,brodneysons.com
united states,,Kb0iXu7NsrpKXVwWlGxgzQwhHVJj,construction,linkedin.com/company/superior-handyman-services,bloomington,superior handyman services,indiana,1-10,superiorhandymantucson.com
united states,,JhqTcLWXxBDqKbITFwRMxg9TVx6Y,construction,linkedin.com/company/galo-flor-landscape,carlsbad,galo flor landscape,california,1-10,
united states,,FmI1b4ohDYe68CarbiJeAwaCm1Mz,construction,linkedin.com/company/port-aransas-city-of,port aransas,port aransas city of,texas,1-10,cityofportaransas.org
united states,,xU4I2WiWDsGWpGhq4v75eQYNUMAP,construction,linkedin.com/company/nichols-welding,west jefferson,nichols welding,north carolina,1-10,nicholswelding.net
united states,,RGzBiMFeTX8BXZpBkKTDzwftJBlG,construction,linkedin.com/company/demolition-experts,ossining,demolition experts,new york,11-50,demolitionexpertsny.com
united states,,u9LIiJ6vJIKeEBxdYSyUwADN8OcF,construction,linkedin.com/company/diamas-enterprises,missouri city,diamas enterprises,texas,1-10,diamasenterprises.com
united states,2012,pt1PkmbjK5XJ94GK4FdiigSALDYH,construction,linkedin.com/company/raine-building,colorado springs,raine building,colorado,11-50,rainebuilding.com
united states,1989,AfDWEdDsPYnVqCBET2BteQbw3Bt6,construction,linkedin.com/company/woodard-group,norfolk,wkw development,virginia,11-50,woodardgrp.com
united states,,y25CKaug4ELpMTqUBDNRHwph0jbf,construction,linkedin.com/company/eloquent-outlook-remodeling,marion,eloquent outlook & remodeling,indiana,1-10,eloquentoutlook.com
united states,,kVJqPfeLR2Wo6T2GyyTJvgx7DvPW,construction,linkedin.com/company/house-doctor-dhm-llc,portland,house doctor dhm llc,oregon,1-10,
united states,,DROiUTPBCvW9glaT0m2hjwzYBtNF,construction,linkedin.com/company/cougar-excavation,tygh valley,cougar excavation,oregon,1-10,cougarexcavation.com
united states,2015,YxGHoNmdMCQoJ8W1oTTghQgPpqyG,construction,linkedin.com/company/smart-exterior-cleaning-solutions,winter park,smart exterior cleaning solutions,florida,1-10,smartexteriorcleaningfl.com
united states,,dn9wOlaZXjBbCyqMvvxY9AGUZQJK,construction,linkedin.com/company/morgan-industries-inc.-dba-morgan-pavement-maintenance,clearfield,"morgan industries, inc. dba morgan pavement maintenance",utah,51-200,asphaltrepairservices.com
united states,,lL4nlMYwQg69sRLP0auGfAQ4m2DW,construction,linkedin.com/company/con-tec,concord,con tec,california,11-50,
united states,,2FhoQeZfvBG3iSvCu7I6CQqaNoNx,construction,linkedin.com/company/applied-construction-concepts,lorton,applied construction concepts,virginia,1-10,
united states,,POE9lM4rnbPuRxdpqhW9Ug7D109p,construction,linkedin.com/company/california-speed-sports-inc,livermore,california speed sports inc,california,1-10,speed-sports.com
united states,2014,Ir2gSuv7NtsmR6V1H6gxMgYhGlwa,construction,linkedin.com/company/beachside-property-repair-and-asset-management,torrance,beachside property repair and asset management,california,11-50,propertyrepair.tk
united states,,cGD4Td0pShLANt1EVjq4aAknro2F,construction,linkedin.com/company/crown-foundation-and-concrete-lifting-inc,yukon,crown foundation and concrete lifting inc,oklahoma,1-10,crownfoundationrepair.com
united states,,AoCKBBIwsUU4upeh0B184wcd9Szv,construction,linkedin.com/company/geiler-co,lawrenceburg,geiler co,indiana,11-50,
united states,1977,rOjRR2nyHRUB59WT8tmmfguDl6Vb,construction,linkedin.com/company/coral-industries-inc-,tuscaloosa,"coral industries, inc.",alabama,201-500,coralind.com
united states,,zue8fsbYpSoBSPtG1Vj0WgcvkJrF,construction,linkedin.com/company/trammell-construction-inc,little rock,trammell construction inc,arkansas,1-10,trammellconstruction.org
united states,1985,JgoXbN5X0lgsDfBky4PEtArq6fev,construction,linkedin.com/company/americanlightingandsignalization,jacksonville,"american lighting and signalization, llc",florida,501-1000,utilicon.com
united states,,HBDTPj3VvtBZDXuFK4k7Tw3yj3oy,construction,linkedin.com/company/mtec-electric-inc,,mtec electric inc,,1-10,mtecelectric.com
united states,,FkVUDBIF2BlKOv5DIMcKiwapwyLs,construction,linkedin.com/company/albuquerque-patio-covers,albuquerque,albuquerque patio covers,new mexico,1-10,albuquerquepatiocovers.com
united states,2004,IzVDpL1A7EpCciWYjfrq7QH4d5vK,construction,linkedin.com/company/hb-design-build-inc.,carmel-by-the-sea,"hb design/build, inc.",california,1-10,
united states,1969,iHc5rk1rXtwC7nr28QyJ6QipI6lx,construction,linkedin.com/company/heeter-construction-inc-,mount morris,"heeter geotechnical construction, llc",pennsylvania,51-200,heeterconstruction.com
united states,,CgsoupL97y57wpW9k4mVNgJ9j9Kt,construction,linkedin.com/company/timbermax-construction-co,ellicott city,timbermax construction co,maryland,1-10,
united states,,xiS1c4MZ6HGSZYLjyHqYlgG4sBGd,construction,linkedin.com/company/obrecht-properties,lutherville timonium,obrecht properties,maryland,1-10,obrechtproperties.com
united states,,Uw3lmqvJS1M7lXZi5SBA2A34x1dY,construction,linkedin.com/company/white-mountain-builders,rescue,white mountain builders,california,1-10,whitemountainhomebuilders.com
united states,,2086HlLweM6dBjP0872BAgzBU6OD,construction,linkedin.com/company/omaha-handyman-service,omaha,omaha handyman service,nebraska,1-10,omahahandymanservice.com
united states,2006,5IZr4oxvD2NGYCz3aYVZGQiIqgtu,construction,linkedin.com/company/evergreen-building-performance,rockland,evergreen home performance,maine,11-50,evergreenyourhome.com
united states,,BvaWvCJiriZBfePkojIvCAfAYKfl,construction,linkedin.com/company/emcon-services-inc,atlanta,emcon services inc,georgia,11-50,
united states,,VueOlebQYnRjwfnhDrkCBgdALkWs,construction,linkedin.com/company/higareda-david,richardson,"higareda, david",texas,11-50,
united states,2018,rNQZJyKEiofe3HUQS8dV9QLyBXqZ,construction,linkedin.com/company/stringline-construction,wakefield,stringline construction,kansas,1-10,stringlineconstructions.com
united states,,lD6wocu0a0EEMIIa2ACloQi2pD5B,construction,linkedin.com/company/broom-service-inc,cupertino,broom service inc,california,1-10,
united states,1974,l9E6G96E0YM4e3s1EdGOMgRIv2Zd,construction,linkedin.com/company/cmswillowbrook,oklahoma city,cmswillowbrook,oklahoma,51-200,cmswillowbrook.com
united states,,P8VJQtxeTB0KY9Audawm9AhBYDAB,construction,linkedin.com/company/gm-elite-construction-inc,clermont,gm elite construction inc,florida,1-10,
united states,,gSmNxm4mBj2quBhFOBBx3A1SRDYF,construction,linkedin.com/company/chairez-jose,austin,"chairez, jose",texas,1-10,
united states,1986,ObVgUmrmkjG1j02dzKMSKg7F2df7,construction,linkedin.com/company/central-ohio-contractors-inc,grove city,central ohio contractors inc,ohio,11-50,centralohiocontractor.com
united states,,7Ypy4oijiZLUIWT1GCpDCAYE8n20,construction,linkedin.com/company/jmk-roofing-inc,cumberland,"jmk roofing, inc",rhode island,1-10,jmkconstruction.net
united states,,wkN2XotlhVH03LQfLQdDGA2KFq9G,construction,linkedin.com/company/tnt-builders-roofing,burleson,tnt builders roofing,texas,11-50,tnt-builders.com
united states,1996,vl9cLwp4acBs3Z4Bdee62wv89sis,construction,linkedin.com/company/the-troxel-company,holland,troxel custom homes,michigan,1-10,
united states,1961,p7FCgujlM2CBVdcctpJrAwa5QYj3,construction,linkedin.com/company/akron-canton-ashrae-chapter,akron,akron/canton ashrae chapter,ohio,51-200,akroncantonashrae.org
united states,,vHl4Ag3jEOnU8BdkLMQx9AaI4ZDp,construction,linkedin.com/company/pelham-bay-construction-llc,bronx,"pelham bay construction, llc",new york,11-50,pelhambayconstruction.com
united states,,EYEB60Bl0sCCrWHtSW2EfwlTBS9d,construction,linkedin.com/company/1st-source-heating-and-air,covington,1st source heating and air,georgia,1-10,1stsourceheatingandair.com
united states,,8x3eYuasteVa70zoCoM37QgAUjTq,construction,linkedin.com/company/chancey-bad-creek-farm-llc,weleetka,chancey bad creek farm llc,oklahoma,1-10,
united states,2002,GtzRlKMRBceEppmEkHCAGgy71qad,construction,linkedin.com/company/centraldoconcreto,orlando,central do concreto,florida,1-10,centraldoconcreto.com.br
united states,1998,JldeCoO4RFjGF5UCPCStQgCS8j3E,construction,linkedin.com/company/price-industries-commercial-finishing-company,pittsburgh,price industries commercial finishing company,pennsylvania,11-50,priceindustries.us
united states,2013,hLTM7CfmJiixXU0t7R6kQgs91OpJ,construction,linkedin.com/company/esc-llc-home-automation,lakewood,esc,colorado,1-10,
united states,1976,tFNcGCMyLwJlmbUT75uEigUEqxVk,construction,linkedin.com/company/construction-electrical-products,livermore,construction electrical products,california,51-200,cepnow.com
united states,,RCPZJwhcQCXcKVB27dzWEwI98Cmm,construction,linkedin.com/company/dan-tiezzi-&-sons-builders-llc,higganum,"dan tiezzi & sons builders, llc",connecticut,1-10,dantiezzibuilders.com
united states,,BIFCCRwEY1CpEPIeguMLAgqmmAm5,construction,linkedin.com/company/rayco-services,georgetown,rayco services,south carolina,1-10,raycoservices.com
united states,1967,R7GUllUhzP087jgnDrTBGgBijgVO,construction,linkedin.com/company/e-daskal-corp,hillburn,e daskal corp,new york,11-50,edaskal.com
united states,,9qvbW1lbyFRf7FC0H4A3UADhmBbX,construction,linkedin.com/company/jnc-construction-llc,elk river,jnc construction llc,minnesota,11-50,jnc-inc.com
united states,,Ml4jDJS39W3a7QGG6mpKewMt8v7J,construction,linkedin.com/company/aa-brite-24-7-llc,tucson,aa brite 24/7 llc,arizona,1-10,
united states,2020,4KIsCGNC4EF4RPtJ8YABVQcJJNTk,construction,linkedin.com/company/precision-mechanical-and-steel-works,hayesville,weldpros,north carolina,1-10,precisionmech.org
united states,1975,5b68aqxHK97ZyS4yGiIs9gFJHtP3,construction,linkedin.com/company/taylor-electric-inc.,south salt lake,"taylor electric, inc.",utah,201-500,taylor-electric.com
united states,,4CGMU3HbBt4aXoXo1Pv9FA0Fagva,construction,linkedin.com/company/brocker-construction-co-llc,vancouver,brocker construction co llc,washington,11-50,
united states,2007,LnJPri5W12F9sdRejXVzcQNIfYiv,construction,linkedin.com/company/pinnacle-construction-partners-llc,nashville,"pinnacle construction partners, llc",tennessee,11-50,
united states,,T8YPVjCjNtlUvdknXRAXxQ7dvy7h,construction,linkedin.com/company/superior-rain-gutters,mira loma,superior rain gutters,california,1-10,superiorraingutters.com
united states,1996,ura1lRdwBNdPKD1WGZJmXwVmdJ7V,construction,linkedin.com/company/brass-brick-homes,edmond,brass brick homes,oklahoma,1-10,brassbrick.com
united states,,OUSE0hoABw7DccEdLLIUkA8utcqi,construction,linkedin.com/company/hendricks-concrete,green bay,rg hendricks concrete construction,wisconsin,11-50,hendricksconcrete.com
united states,,V8WcozMPUMZEw1uFBcU7Fg1qycXI,construction,linkedin.com/company/angel-p-cantuna,north hollywood,angel p cantuna,california,11-50,
united states,,kZCBRCZos0hxZuYPP8NsNAb2YKXD,construction,linkedin.com/company/k.p.d.-construction-inc,pacifica,"k.p.d. construction, inc",california,1-10,kpdconstruction.com
united states,1926,tKLdyvPTTg4gWKJqzyPd2gXtqr38,construction,linkedin.com/company/duininck,prinsburg,duininck,minnesota,201-500,duininck.com
united states,,PbzkcQg0hwOibbMwxbfYmA7IyYzo,construction,linkedin.com/company/curb-specialists-inc,conyers,curb specialists inc,georgia,1-10,
united states,2011,u8WYctmL48sHmKbFmnXBuweqhM0s,construction,linkedin.com/company/dalinghaus-construction-inc,lake elsinore,"dalinghaus construction, inc",california,51-200,dalinghausconstruction.com
united states,,eiwCCTuakaIP59dU7BZb4gg5o49r,construction,linkedin.com/company/hawn-construction,kirkwood,hawn construction,missouri,1-10,
united states,,dnjTmiIiVyHO4S3wGPecNAEQxhh5,construction,linkedin.com/company/browns-electrical,birmingham,browns electrical,alabama,11-50,
united states,,8JsAco6Ip1eCX0kIWB7YkQ1UYc5B,construction,linkedin.com/company/glaziers-union,petaluma,glaziers union,california,11-50,glaziersunionlocal27.com
united states,2012,3MMhEr8TlPRoC3SwBR8TbAYQHIuA,construction,linkedin.com/company/kingdom-pavers-llc,pinellas park,kingdom pavers llc,florida,1-10,kingdompavers.com
united states,,bnpuqc53J7tCfFCWsvPTSA1YxNlt,construction,linkedin.com/company/albany-winwater-works-company,albany,albany winwater works company,new york,1-10,
united states,2001,lnWjRvE4xvXx3Nl5KvA0bQpPAwze,construction,linkedin.com/company/dci-designer-construction-inc.,prior lake,"dci, designer construction, inc.",minnesota,1-10,designconst.com
united states,,I5fdXCC6uyeXMYCQ16wHdACjgqhG,construction,linkedin.com/company/north-bohemian-hvac,schaumburg,north bohemian hvac,illinois,1-10,
united states,,GhtxE43Cprtn7VOR7lct2AmFxagi,construction,linkedin.com/company/old-dominion-insulation,midlothian,old dominion insulation,virginia,501-1000,
united states,2010,yA6huUE8k0s5CaSA2UQPTwkgf6VE,construction,linkedin.com/company/country-kinfolk-llc,loudon,country kinfolk llc,tennessee,1-10,kinfolkfarms.net
